{"dates":["20260608","20260609","20260610","20260611","20260612","20260613","20260614","20260615","20260616","20260617","20260618","20260619","20260620","20260621"],"acq_cost":[110998.17,123229.02,131765.37,26255.76,134167.16,137824.31,136052.95,129768.06,128214.77,133534.09,125751.26,127528.58,123197.71,122598.02],"acq_members":[1014,1167,1568,265,1295,1320,1257,1256,1307,1763,1760,1810,1726,1672],"acq_gmv":[1281734.03,1461758.73,1585762.95,283923.44,1695937.28,1699439.48,1581899.5,1650170.42,1651556.7,1676019.0,1604450.85,1703327.68,1575783.11,1447448.79],"acq_order_users":[30140,33894,32524,5466,34576,36005,35732,33806,33535,33752,31393,33368,32640,31812],"acq_trade_members":[46993,48856,54180,59864,54790,53664,51536,6272,6588,6846,6993,7548,6583,6571],"ret_cost":[28373.7,29033.31,27636.97,4592.47,31981.32,33507.81,32279.98,29152.03,30559.06,30918.77,35087.29,36259.06,32876.03,31455.6],"ret_members":[0,0,0,0,0,0,0,0,0,0,0,0,0,1],"ret_order_users":[6251,6406,5545,968,6421,6698,6546,5903,6243,6307,6503,7005,6105,6092],"full_members":[0,0,0,0,0,0,0,9065,16245,16640,21129,16919,15534,14595],"prov_order_users":[64468,47685,17046,14375,16269,8433,5091,7919,8795,11081,6993,6506,5759,3644,4562,2784,2893,2946,2117,1917,1197,1896,1113,1402,20,0,2,0,0,0,0],"prov_trade_members":[82545,65683,25335,48278,23854,12787,6796,8643,12645,12368,9401,9301,7460,5242,6864,4274,7855,4130,2877,3886,2108,2463,1880,2589,156,0,100,0,0,0,0],"week_keys":["2026W24",0,0,0,0,0,0,0],"week_mons":["20260608",0,0,0,0,0,0,0],"acq_orders":[0,0,0,0,0,0,0,41050,40858,41197,37724,40672,38364,35970],"ret_orders":[0,0,0,0,0,0,0,7529,7884,8056,8183,9062,7512,6988],"prov_cost":[519199.0,370976.05,168878.84,151277.79,125580.95999999999,117217.23,78956.22,85490.73,73962.98999999999,55903.17,62971.700000000004,44573.369999999995,39006.04,34728.07,32620.85,31112.64,26295.64,18486.809999999998,16865.39,14018.39,10850.96,10740.08,7411.889999999999,6505.9400000000005,89.32,14.67,2.58,0.0,0.0,0.0,0.0],"prov_members":[4268,3422,1431,1387,1602,671,247,1145,970,929,499,307,544,341,263,237,213,115,129,124,62,127,73,61,0,0,0,0,0,0,0],"prov_gmv":[6931862.01,4858139.6,1789609.0,1669279.5,1473989.3,882975.3999999999,474622.80000000005,852774.6499999999,890503.2,886855.3400000001,600010.8,598433.5,538441.0,317038.3,400372.0,311279.7,293669.2,305282.19999999995,192436.5,183189.5,133685.8,171548.6,97347.2,111348.4,1026.5,0.0,153.5,0.0,0.0,0.0,0.0],"prov_cac":[121.65,108.41,118.01,109.07,78.39,174.69,319.66,74.66,76.25,60.18,126.2,145.19,71.7,101.84,124.03,131.28,123.45,160.75,130.74,113.05,175.02,84.57,101.53,106.65,89.32,14.67,2.58,0.0,0.0,0.0,0.0],"prov_roi":[13.35,13.1,10.6,11.03,11.74,7.53,6.01,9.98,12.04,15.86,9.53,13.43,13.8,9.13,12.27,10.0,11.17,16.51,11.41,13.07,12.32,15.97,13.13,17.11,11.49,0.0,59.5,0.0,0.0,0.0,0.0],"prov_new_cost":[192190.4,145513.2,92030.6,87167.32,54099.87,45020.45,47362.38,35230.78,23605.54,26247.54,23967.88,18557.29,15750.78,12436.54,13321.18,12188.96,12782.16,7344.53,6206.25,5800.28,4122.37,4525.5,2686.66,2434.02,0.0,0.0,0.0,0.0,0.0,0.0,0.0],"prov_new_members":[2492,2016,771,1196,908,373,734,563,121,281,381,179,312,136,176,135,124,60,76,64,38,82,35,41,0,0,0,0,0,0,0],"prov_new_gmv":[2883044.22,2098712.32,952431.8,1011811.2,643532.7,393444.7,497288.42,421131.3,143360.4,256653.3,391113.88,257998.4,257558.3,132647.6,131887.7,164830.2,152417.2,138416.8,80016.2,83467.1,57239.1,78383.8,37117.7,44212.2,40.0,0.0,0.0,0.0,0.0,0.0,0.0],"prov_ret_cost":[86507.97,49741.59,4872.76,0.0,12397.93,13840.7,0.0,6079.03,12381.09,6640.07,0.0,4866.94,4979.07,5319.89,4059.66,3473.12,1487.66,1929.45,2053.12,1282.45,1697.86,1271.13,816.04,610.26,0.0,0.0,0.0,0,0,0.0,0.0],"prov_ret_members":[0,1,0,0,0,0,0,0,0,0,0,0,0,0,0,0,0,0,0,0,0,0,0,0,0,0,0,0,0,0,0],"provinces":["广东","江苏","广西","浙江","河南","上海","山东","河北","北京","重庆","湖南","海南","江西","天津","山西","甘肃","云南","青海","宁夏","内蒙古","新疆","湖北","吉林","四川","贵州","安徽","陕西","西藏","辽宁","福建","黑龙江"],"cities":["广州","上海","苏州","深圳","东莞","北京","佛山","重庆","无锡","南宁","杭州","南京","郑州","天津","常州","中山","南通","盐城","宁波","珠海","金华","惠州","柳州","泰州","济南","石家庄","桂林","江门","温州","扬州","玉林","长沙","镇江","湛江","徐州","淮安","嘉兴","昆明","兰州","海口","南阳","三亚","太原","西宁","台州","肇庆","百色","北海","绍兴","宿迁","烟台","银川","南昌","洛阳","廊坊","贵港","梧州","唐山","周口","潍坊","河池","阳江","连云港","韶关","保定","茂名","邯郸","开封","崇左","驻马店","沧州","商丘","湖州","邢台","济宁","武汉","清远","乌鲁木齐","钦州","河源","焦作","临沂","德州","青岛","汕头","赣州","贺州","淄博","九江","濮阳","梅州","云浮","平顶山","鄂尔多斯","呼和浩特","新乡","上饶","衡阳","菏泽","防城港","儋州市","许昌","丽水","来宾","晋中","东营","景德镇","衡水","大理白族自治州","潮州","汕尾","常德","运城","临汾","邵阳","揭阳","万宁","威海","张家口","滨州","吉安","庆阳","信阳","衢州","永州","秦皇岛","长治市","株洲","丽江","海西蒙古族藏族自治州","陵水黎族自治县","漯河","宜春","郴州","日照","海东市","抚州","安阳","迪庆藏族自治州","天水","大同","泰安","晋城","长春","吴忠","岳阳","枣庄","怀化","红河州","新余","聊城","嘉峪关","承德","三门峡","忻州","娄底","张家界","中卫","成都","益阳","白城","固原","松原","张掖","阿拉善盟","朔州","阿克苏地区","金昌","陇南","白银","湘西土家族苗族自治州","琼海市","宜宾","定西","玉溪","湘潭","乐东黎族自治县","舟山","文昌市","东方市","五指山市","平凉","潜江","绵阳","克拉玛依","曲靖","酒泉","吕梁","和田地区","海南藏族自治州","仙桃","鹰潭","白沙黎族自治县","锡林郭勒盟","阿勒泰地区","昌江黎族自治县","济源市","乌海","屯昌县","通化","昭通","西双版纳傣族自治州","甘南藏族自治州","孝感","延边朝鲜族自治州","遂宁","临高县","黄冈","德阳","随州","黄石","巴彦淖尔","武威","定安县","广安","塔城地区","玉树藏族自治州","鹤壁","石嘴山","昌吉回族自治州","临沧","乌兰察布","呼伦贝尔","铜仁","贵阳","六安","西安","拉萨","池州","渭南","汉中","南充","榆林","兴安盟","包头","宝鸡","铜川","盘锦","宿州","淮南","泉州","黄山","阜阳","咸阳","大连","福州","毕节","巴音郭楞蒙古自治州","漳州","鞍山","辽阳","宁德","合肥","安顺","攀枝花","达州","十堰","通辽","六盘水","黔南布依族苗族自治州","内江","滁州","泸州","安庆","芜湖","黔西南布依族苗族自治州","莆田","哈密地区","黔东南苗族侗族自治州","厦门","南平","安康","铜陵","三明","资阳","延安","哈尔滨","乐山","蚌埠","恩施土家族苗族自治州","雅安","萍乡","赤峰","遵义","保山","大兴安岭地区","宣城","齐齐哈尔","自贡","楚雄彝族自治州","伊犁哈萨克自治州","绥化","丹东","荆门","抚顺","荆州","牡丹江","商洛","佳木斯","广元","林芝","那曲地区","沈阳","图木舒克市","石河子","四平","吉林","龙岩","淮北","伊春市","眉山","马鞍山","葫芦岛","黑河","锦州","亳州","克孜勒苏柯尔克孜自治州","咸宁","宜昌","铁岭","博尔塔拉蒙古自治州","日喀则","襄阳","琼中黎族苗族自治县","白山","鸡西","凉山彝族自治州","辽源","鹤岗","大庆","喀什地区"],"city_cost":[69258.7,58861.14,49856.95,43743.86,37184.99,35986.64,34236.34,32887.62,28919.6,28436.58,28270.53,22683.99,19475.04,17756.42,16283.88,15938.62,13821.33,12144.26,11850.94,11369.88,10951.33,10370.7,10022.06,9735.17,9702.08,9660.42,9599.26,9579.78,8894.1,8672.5,8338.38,7998.73,7867.31,7829.48,7791.45,7780.22,7737.22,6841.33,6780.93,6780.01,6689.88,6653.99,6180.36,6038.0,6018.55,5924.9,5910.85,5673.5,5535.27,5425.22,5292.88,5255.1,5144.24,5009.89,4987.93,4953.12,4917.86,4840.79,4796.49,4792.67,4625.16,4537.33,4272.9,4247.46,4197.9,4190.52,4167.64,4164.3,3966.5,3910.14,3811.45,3752.96,3697.27,3650.19,3475.63,3427.48,3387.35,3205.33,3158.74,3095.21,3087.31,3038.93,3032.48,2997.7,2958.26,2935.73,2904.54,2862.21,2808.92,2749.17,2723.35,2658.22,2638.58,2603.65,2570.29,2541.19,2537.44,2479.34,2456.42,2300.86,2213.14,2195.58,2173.46,2095.96,2086.64,1995.5,1988.92,1928.51,1920.95,1895.94,1874.12,1757.73,1735.05,1715.62,1696.97,1693.34,1690.01,1688.4,1680.34,1667.67,1499.64,1499.32,1495.16,1481.41,1445.05,1421.31,1360.2,1349.97,1333.58,1314.87,1292.03,1257.6,1226.09,1225.93,1218.3,1192.19,1165.8,1146.98,1125.44,1116.23,1113.54,1110.14,1061.57,1054.12,1050.45,1045.67,1040.25,1039.22,1021.14,992.14,991.13,969.09,963.34,953.53,909.09,881.12,878.33,877.96,866.45,866.35,861.38,851.46,837.39,799.97,752.28,735.66,733.91,732.32,714.51,712.36,703.51,690.54,677.76,619.9,614.94,599.97,581.24,557.26,555.59,528.07,524.1,521.75,518.72,499.1,497.59,493.4,492.29,483.11,468.65,448.21,437.66,430.93,430.29,424.08,413.05,406.94,402.41,401.19,397.2,388.12,383.0,377.15,372.68,371.86,361.7,356.05,355.07,350.0,350.0,350.0,340.9,330.77,330.73,326.0,294.93,284.42,280.71,231.61,224.41,217.28,158.88,0.47,0.0,0.0,0.0,0.0,0.0,0.0,0.0,0.0,0.0,0.0,0.0,0.0,0.0,0.0,0.0,0.0,0.0,0.0,0.0,0.0,0.0,0.0,0.0,0.0,0.0,0.0,0.0,0.0,0.0,0.0,0.0,0.0,0.0,0.0,0.0,0.0,0.0,0.0,0.0,0.0,0.0,0.0,0.0,0.0,0.0,0.0,0.0,0.0,0.0,0.0,0.0,0.0,0.0,0.0,0.0,0.0,0.0,0.0,0.0,0.0,0.0,0.0,0.0,0.0,0.0,0.0,0.0,0.0,0.0,0.0,0.0,0.0,0.0,0.0,0.0,0.0,0.0,0.0,0.0,0.0,0.0,0.0,0.0,0.0,0.0,0.0,0.0,0.0,0.0,0.0,0.0,0.0,0.0,0.0,0.0,0.0,0.0,0.0,0.0,0.0,0.0,0.0,0.0,0.0,0.0,0.0,0.0,0.0,0.0],